Test Case Name,Menu Option,Expected Tiles/Links,Actual Tiles/Links,Comments
"HRA_Manager","Me","Employment Info, Personal Details, Additional Person Info, Person Identifiers for External Applications, Contact Info, Family and Emergency Contacts, My Organization Chart, My Public Info, Document Records, Resignation/Retirement, My Help, Employee Photo System, Employment Verification Letter, Directory, Journeys, Pay, Time and Absences, Career and Performance, Personal Information, My Activity Center, Benefits, Current Jobs, Medical Information - Medical Lines, Medical Information - Restrictions, Medical Information - VRU Calls, Medical Information - Sick Pay, Job History, Salary History","Employment Info, Personal Details, Additional Person Info, Person Identifiers for External Applications, Contact Info, Family and Emergency Contacts, My Organization Chart, My Public Info, Document Records, Resignation/Retirement, My Help, Employee Photo System, Employment Verification Letter, Directory, Journeys, Pay, Time and Absences, Career and Performance, Personal Information, My Activity Center, Benefits, Current Jobs, Medical Information - Medical Lines, Medical Information - Restrictions, Medical Information - VRU Calls, Medical Information - Sick Pay, Job History, Salary History","All tiles present as expected."
"HRA_Manager","Me Showmore","Additional Person Info, Contact Info, Family and Emergency Contacts, My Organization Chart, My Public Info, Person Identifiers for External Applications, Personal Details, Document Records, Employment Info, Resignation/Retirement, My Payslips, Payment Methods, Tax Withholding, Year-End Documents, Time Cards, Absence Balance, Existing Absences, Skills and Qualifications, Job Alerts, Job Applications, Job Offers, Referrals, Search Jobs, Before You Enroll, Dependent Care FSA Calculator, Health Care FSA Calculator, Report a Life Event, Review Employee Resources, Self-Service Enrollment, My Compensation","Additional Person Info, Contact Info, Family and Emergency Contacts, My Organization Chart, My Public Info, Person Identifiers for External Applications, Personal Details, Document Records, Employment Info, Resignation/Retirement, My Payslips, Payment Methods, Tax Withholding, Year-End Documents, Time Cards, Absence Balance, Existing Absences, Skills and Qualifications, Job Alerts, Job Applications, Job Offers, Referrals, Search Jobs, Before You Enroll, Dependent Care FSA Calculator, Health Care FSA Calculator, Report a Life Event, Review Employee Resources, Self-Service Enrollment, My Compensation","All tiles present as expected."
"HRA_Manager","My Team","Employment Info, Change Manager, Seniority Dates, Transfer, Employee Summary, Promote, Change Assignment, Terminate Employment, Team Activity Center, Journeys, Hiring, Team Time Cards, Manager Absence Dashboard, Job History, Salary History, Medical Information_Medical Lines, Medical Information - Restrictions, Medical Information - VRU Calls","Employment Info, Change Manager, Seniority Dates, Transfer, Employee Summary, Promote, Change Assignment, Terminate Employment, Team Activity Center, Journeys, Hiring, Team Time Cards, Manager Absence Dashboard, Job History, Salary History, Medical Information_Medical Lines, Medical Information - Restrictions, Medical Information - VRU Calls","All tiles present as expected."
"HRA_Manager","My Team Showmore","Cancel Work Relationship, Change Assignment, Change Location, Change Manager, Change Working Hours, Contact Info, Create Work Relationship, Direct Reports, Employee Summary, Employment Info, Employment Start Dates, Family and Emergency Contacts, Identification Info, Local and Global Transfer, Person Identifiers for External Applications, Personal Details, Promote, Seniority Dates, Terminate Employment, Transfer, Work Relationship, Change Salary, Compensation Info, Individual Compensation, Team Compensation, View Compensation History, Add Time Card, Team Time Cards, Absence Balance, Existing Absences, Add a Contingent Worker, Add a Nonworker, Add a Pending Worker, Hire an Employee, Pending Workers","Cancel Work Relationship, Change Assignment, Change Location, Change Manager, Change Working Hours, Contact Info, Create Work Relationship, Direct Reports, Employee Summary, Employment Info, Employment Start Dates, Family and Emergency Contacts, Identification Info, Local and Global Transfer, Person Identifiers for External Applications, Personal Details, Promote, Seniority Dates, Terminate Employment, Transfer, Work Relationship, Change Salary, Compensation Info, Individual Compensation, Team Compensation, View Compensation History, Add Time Card, Team Time Cards, Absence Balance, Existing Absences, Add a Contingent Worker, Add a Nonworker, Add a Pending Worker, Hire an Employee, Pending Workers","All tiles present as expected."
"HRA_Manager","My Client Groups","Employment Info, Sensitive Data Access Audit, Hire an Employee, Add a Contingent Worker, Add a Pending Worker, Add a Nonworker, Pending Workers, Document Records, Personal Details, Additional Person Info, Journeys, New Person, Person Management, Person Spotlight, Absences, Mass Updates, ID Unlock Rehires and Retirees, O&R Service Dates, Employee Emergency Contact, Person Identifiers for External Applications, Salary History, Job History, Contractor Pseudo ID Custom Page, Medical Information_Medical Lines, Medical Information - VRU Calls, Medical Information - Sick Pay","Employment Info, Sensitive Data Access Audit, Hire an Employee, Add a Contingent Worker, Add a Pending Worker, Add a Nonworker, Pending Workers, Document Records, Personal Details, Additional Person Info, Journeys, New Person, Person Management, Person Spotlight, Absences, Mass Updates, ID Unlock Rehires and Retirees, O&R Service Dates, Employee Emergency Contact, Person Identifiers for External Applications, Salary History, Job History, Contractor Pseudo ID Custom Page, Medical Information_Medical Lines, Medical Information - VRU Calls, Medical Information - Sick Pay","All tiles present as expected."
"HRA_Manager","My Client Groups Showmore","Sensitive Data Access Audit, Add a Contingent Worker, Add a Nonworker, Add a Pending Worker, Hire an Employee, Pending Workers, Document Records, Additional Person Info, Areas of Responsibility, Cancel Work Relationship, Change Assignment, Change Location, Change Manager, Change Working Hours, Contact Info, Correct Employment Details, Create Work Relationship, Direct Reports, Document Records, Employment Info, Employment Start Dates, Family and Emergency Contacts, Identification Info, Local and Global Transfer, Person Identifiers for External Applications, Person Spotlight, Personal Details, Promote, Seniority Dates, Terminate Employment, Transfer, Work Relationship, Change Salary, Compensation Info, Individual Compensation, Salary History, View Compensation History, View Time Cards, Approval Transactions, Locations, Positions, Benefit Court Orders, Benefits Relationships, Benefits Summary, People to Cover, Person Benefit Balances, Person Benefit Groups, Element Entries, Payroll Relationships, Payslips, Create Mass Assignment Change, Manage Mass Updates","Sensitive Data Access Audit, Add a Contingent Worker, Add a Nonworker, Add a Pending Worker, Hire an Employee, Pending Workers, Document Records, Additional Person Info, Areas of Responsibility, Cancel Work Relationship, Change Assignment, Change Location, Change Manager, Change Working Hours, Contact Info, Correct Employment Details, Create Work Relationship, Direct Reports, Document Records, Employment Info, Employment Start Dates, Family and Emergency Contacts, Identification Info, Local and Global Transfer, Person Identifiers for External Applications, Person Spotlight, Personal Details, Promote, Seniority Dates, Terminate Employment, Transfer, Work Relationship, Change Salary, Compensation Info, Individual Compensation, Salary History, View Compensation History, View Time Cards, Approval Transactions, Locations, Positions, Benefit Court Orders, Benefits Relationships, Benefits Summary, People to Cover, Person Benefit Balances, Person Benefit Groups, Element Entries, Payroll Relationships, Payslips, Create Mass Assignment Change, Manage Mass Updates","All tiles present as expected."
"HRA_Manager","Benefits Administration","Benefits Activity Center, Evaluation and Reporting","Benefits Activity Center, Evaluation and Reporting","All tiles present as expected."
"HRA_Manager","HR Connect","Create HR Help Desk Request, Employee Search, My Knowledge, My Help, Help Desk Requests, Performance Interviews Prior To 7/1/24, Performance Interviews After 6/30/21, Performance Interview Document","Create HR Help Desk Request, Employee Search, My Knowledge, My Help, Help Desk Requests, Performance Interviews Prior To 7/1/24, Performance Interviews After 6/30/21, Performance Interview Document","All tiles present as expected."
"HRA_Manager","Tools","Notifications, Set Preferences, Worklist, Reports and Analytics, Transaction Console","Notifications, Set Preferences, Worklist, Reports and Analytics, Transaction Console","All tiles present as expected."
